{
    "id": "01JDJ8HWRG4APPMM9G6F70DQKJ",
    "name": "Vozvan",
    "manufacturer": "",
    "description": "",
    "tags": [],
    "controller": "",
    "keyboardType": "normal",
    "wiringMethod": "matrix",
    "diodeDirection": "ROW2COL",
    "rows": 4,
    "cols": 12,
    "pins": 0,
    "rowPins": [
        "5",
        "6",
        "23",
        "21"
    ],
    "colPins": [
        "0",
        "1",
        "2",
        "3",
        "4",
        "7",
        "20",
        "22",
        "26",
        "27",
        "28",
        "29"
    ],
    "directPins": [],
    "encoders": [
        {
            "pad_a": "8",
            "pad_b": "9"
        }
    ],
    "layouts": [],
    "keys": [
        {
            "x": 0,
            "y": 0,
            "idx": 0
        },
        {
            "x": 1,
            "y": 0,
            "idx": 1
        },
        {
            "x": 2,
            "y": 0,
            "idx": 2
        },
        {
            "x": 3,
            "y": 0,
            "idx": 3
        },
        {
            "x": 4,
            "y": 0,
            "idx": 4
        },
        {
            "x": 5,
            "y": 0,
            "idx": 5
        },
        {
            "x": 6,
            "y": 0,
            "idx": 6
        },
        {
            "x": 7,
            "y": 0,
            "idx": 7
        },
        {
            "x": 8,
            "y": 0,
            "idx": 8
        },
        {
            "x": 9,
            "y": 0,
            "idx": 9
        },
        {
            "x": 10,
            "y": 0,
            "idx": 10
        },
        {
            "x": 11,
            "y": 0,
            "idx": 11
        },
        {
            "x": 0,
            "y": 1,
            "idx": 12
        },
        {
            "x": 1,
            "y": 1,
            "idx": 13
        },
        {
            "x": 2,
            "y": 1,
            "idx": 14
        },
        {
            "x": 3,
            "y": 1,
            "idx": 15
        },
        {
            "x": 4,
            "y": 1,
            "idx": 16
        },
        {
            "x": 5,
            "y": 1,
            "idx": 17
        },
        {
            "x": 6,
            "y": 1,
            "idx": 18
        },
        {
            "x": 7,
            "y": 1,
            "idx": 19
        },
        {
            "x": 8,
            "y": 1,
            "idx": 20
        },
        {
            "x": 9,
            "y": 1,
            "idx": 21
        },
        {
            "x": 10,
            "y": 1,
            "idx": 22
        },
        {
            "x": 11,
            "y": 1,
            "idx": 23
        },
        {
            "x": 0,
            "y": 2,
            "idx": 24
        },
        {
            "x": 1,
            "y": 2,
            "idx": 25
        },
        {
            "x": 2,
            "y": 2,
            "idx": 26
        },
        {
            "x": 3,
            "y": 2,
            "idx": 27
        },
        {
            "x": 4,
            "y": 2,
            "idx": 28
        },
        {
            "x": 5,
            "y": 2,
            "idx": 29
        },
        {
            "x": 6,
            "y": 2,
            "idx": 30
        },
        {
            "x": 7,
            "y": 2,
            "idx": 31
        },
        {
            "x": 8,
            "y": 2,
            "idx": 32
        },
        {
            "x": 9,
            "y": 2,
            "idx": 33
        },
        {
            "x": 10,
            "y": 2,
            "idx": 34
        },
        {
            "x": 11,
            "y": 2,
            "idx": 35
        },
        {
            "x": 0,
            "y": 3,
            "idx": 36
        },
        {
            "x": 1,
            "y": 3,
            "idx": 37
        },
        {
            "x": 2,
            "y": 3,
            "idx": 38
        },
        {
            "x": 3,
            "y": 3,
            "idx": 39
        },
        {
            "x": 4,
            "y": 3,
            "idx": 40
        },
        {
            "x": 5,
            "y": 3,
            "idx": 41
        },
        {
            "x": 6,
            "y": 3,
            "idx": 42
        },
        {
            "x": 7,
            "y": 3,
            "idx": 43
        },
        {
            "x": 8,
            "y": 3,
            "idx": 44
        },
        {
            "x": 9,
            "y": 3,
            "idx": 45
        },
        {
            "x": 10,
            "y": 3,
            "idx": 46
        },
        {
            "x": 11,
            "y": 3,
            "idx": 47
        }
    ],
    "keymap": [
        [
            "KC.RGB_TOG",
            "KC.TRNS",
            "KC.TRNS",
            "KC.TRNS",
            "KC.TRNS",
            "KC.TRNS",
            "KC.TRNS",
            "KC.TRNS",
            "KC.TRNS",
            "KC.TRNS",
            "KC.TRNS",
            "KC.RGB_TOG",
            "KC.TRNS",
            "KC.TRNS",
            "KC.TRNS",
            "KC.TRNS",
            "KC.TRNS",
            "KC.TRNS",
            "KC.TRNS",
            "KC.TRNS",
            "KC.TRNS",
            "KC.TRNS",
            "KC.TRNS",
            "KC.TRNS",
            "KC.TRNS",
            "KC.TRNS",
            "KC.TRNS",
            "KC.TRNS",
            "KC.TRNS",
            "KC.TRNS",
            "KC.TRNS",
            "KC.TRNS",
            "KC.TRNS",
            "KC.TRNS",
            "KC.TRNS",
            "KC.TRNS",
            "KC.TRNS",
            "KC.TRNS",
            "KC.TRNS",
            "KC.TRNS",
            "KC.TRNS",
            "KC.TRNS",
            "KC.TRNS",
            "KC.TRNS",
            "KC.TRNS",
            "KC.TRNS",
            "KC.TRNS",
            "KC.RGB_TOG"
        ]
    ],
    "encoderKeymap": [
        [
            [
                "KC.AUDIO_VOL_DOWN",
                "KC.RGB_TOG"
            ]
        ]
    ],
    "layers": [
        {
            "name": ""
        }
    ],
    "split": false,
    "splitPinA": "",
    "splitPinB": "",
    "splitSide": "left",
    "vbusPin": "VBUS_SENSE",
    "splitUsePio": true,
    "splitFlip": false,
    "spitUartFlip": false,
    "coordMap": [
        [
            "000",
            "001",
            "002",
            "003",
            "004",
            "005",
            "006",
            "007",
            "008",
            "009",
            "010",
            "011"
        ],
        [
            "012",
            "013",
            "014",
            "015",
            "016",
            "017",
            "018",
            "019",
            "020",
            "021",
            "022",
            "023"
        ],
        [
            "024",
            "025",
            "026",
            "027",
            "028",
            "029",
            "030",
            "031",
            "032",
            "033",
            "034",
            "035"
        ],
        [
            "036",
            "037",
            "038",
            "039",
            "040",
            "041",
            "042",
            "043",
            "044",
            "045",
            "046",
            "047"
        ]
    ],
    "pinPrefix": "gp",
    "coordMapSetup": false,
    "rgbPin": "board.GP11",
    "rgbNumLeds": 50,
    "rgbOptions": {
        "animationMode": 3,
        "hueDefault": 86,
        "satDefault": 255,
        "valDefault": 10,
        "animationSpeed": 8,
        "breatheCenter": 1,
        "knightEffectLength": 5
    },
    "kbFeatures": [
        "basic",
        "serial",
        "oneshot",
        "tapdance",
        "holdtap",
        "mousekeys",
        "combos",
        "macros",
        "rgb"
    ],
    "flashingMode": "automatic",
    "lastEdited": "2024-12-21 12:25"
}